"route","airline","flights","delay_rate"
"IAH → SFO","CO","198","90.40"
"LAX → HOU","WN","118","88.98"
"MDW → OAK","WN","102","87.25"
"MDW → SAN","WN","117","87.18"
"HOU → MCO","WN","123","86.99"
"DEN → SFO","WN","115","86.96"
"IAH → DEN","CO","222","86.49"
"IAH → SEA","CO","199","86.43"
"DAL → ABQ","WN","234","85.90"
"IAH → LAX","CO","329","85.71"
"MDW → BUF","WN","117","85.47"
"SMF → PHX","WN","157","84.71"
"SJC → PDX","WN","110","84.55"
"SNA → PHX","WN","220","84.55"
"SNA → LAS","WN","232","84.48"
"STL → HOU","WN","109","84.40"
"DEN → SEA","WN","101","84.16"
"SFO → IAH","CO","200","84.00"
"MDW → LAX","WN","180","83.89"
"OAK → MDW","WN","102","83.33"
"DAL → MCI","WN","279","83.15"
"DAL → ELP","WN","201","83.08"
"IAH → MCO","CO","183","83.06"
"HOU → TPA","WN","123","82.93"
"OAK → LAS","WN","240","82.92"
"LAS → MCI","WN","117","82.91"
"HOU → HRL","WN","181","82.87"
"MDW → DTW","WN","169","82.84"
"BWI → JAX","WN","121","82.64"
"BWI → BUF","WN","176","82.39"
"LAX → IAH","CO","328","82.32"
"HOU → LAX","WN","118","82.20"
"PHX → SEA","WN","115","81.74"
"PHX → AUS","WN","109","81.65"
"SNA → OAK","WN","205","81.46"
"BUF → MDW","WN","118","81.36"
"SLC → LAS","WN","160","81.25"
"OAK → PDX","WN","165","81.21"
"MDW → PHX","WN","207","81.16"
"STL → MCO","WN","122","81.15"
"MDW → LAS","WN","268","80.97"
"BWI → TPA","WN","146","80.82"
"LAX → TUS","WN","146","80.82"
"LAS → SLC","WN","161","80.75"
"SFO → PHX","WN","140","80.71"
"OAK → SEA","WN","196","80.61"
"DAL → OKC","WN","139","80.58"
"LAS → PDX","WN","118","80.51"
"OAK → ONT","WN","224","80.36"
"STL → MCI","WN","136","80.15"
"HOU → MDW","WN","171","80.12"
"OAK → SNA","WN","204","79.90"
"BWI → ISP","WN","149","79.87"
"BNA → TPA","WN","119","79.83"
"MDW → FLL","WN","123","79.67"
"HOU → AUS","WN","142","79.58"
"BUF → BWI","WN","175","79.43"
"MDW → HOU","WN","171","78.95"
"DAL → MAF","WN","147","78.91"
"LAS → SFO","WN","208","78.85"
"LAS → OAK","WN","241","78.42"
"PHX → SFO","WN","139","78.42"
"LAS → SAN","WN","336","78.27"
"BWI → ORF","WN","115","78.26"
"MSP → SFO","DL","146","78.08"
"IAH → SAN","CO","205","78.05"
"SJC → LAX","WN","287","78.05"
"SMF → SAN","WN","305","78.03"
"IAH → PHX","CO","150","78.00"
"OAK → PHX","WN","177","77.97"
"LAS → SAT","WN","118","77.97"
"BWI → STL","WN","140","77.86"
"BWI → FLL","WN","131","77.86"
"STL → BWI","WN","140","77.86"
"MDW → LGA","WN","149","77.85"
"OAK → LAX","WN","405","77.78"
"OAK → SAN","WN","342","77.78"
"MCI → LAS","WN","117","77.78"
"STL → DAL","WN","225","77.78"
"SAN → SFO","WN","252","77.78"
"SNA → SMF","WN","175","77.71"
"BWI → CLE","WN","112","77.68"
"MDW → BNA","WN","201","77.61"
"SMF → LAX","WN","232","77.59"
"PHX → MDW","WN","208","77.40"
"PHX → HOU","WN","115","77.39"
"DAL → STL","WN","225","77.33"
"SFO → LAX","WN","317","77.29"
"HOU → SAT","WN","145","77.24"
"STL → LAS","WN","114","77.19"
"SJC → LAS","WN","241","77.18"
"HOU → BNA","WN","118","77.12"
"BNA → HOU","WN","118","77.12"
"ONT → PHX","WN","214","77.10"
"DAL → LBB","WN","157","77.07"
"MDW → MCI","WN","279","77.06"
"IAH → PDX","CO","109","77.06"
"SNA → SFO","WN","174","77.01"
"PHX → SLC","WN","182","76.92"
"DAL → AMA","WN","156","76.92"
"SLC → PHX","WN","181","76.80"
"AUS → PHX","WN","112","76.79"
"LAX → SFO","WN","318","76.73"
"MDW → MCO","WN","193","76.68"
"SAN → SMF","WN","304","76.64"
"LAX → LAS","WN","337","76.56"
"PDX → LAS","WN","115","76.52"
"SMF → PDX","WN","174","76.44"
"PDX → SMF","WN","174","76.44"
"MDW → DEN","WN","262","76.34"
"SEA → PHX","WN","114","76.32"
"LAS → STL","WN","114","76.32"
"LAS → SMF","WN","236","76.27"
"HOU → PHX","WN","118","76.27"
"SFO → SAN","WN","252","76.19"
"MDW → STL","WN","256","76.17"
"DAL → TUL","WN","151","76.16"
"LAS → ABQ","WN","155","76.13"
"MDW → MSP","WN","230","76.09"
"MDW → TPA","WN","133","75.94"
"MDW → SDF","WN","124","75.81"
"MCI → MDW","WN","280","75.71"
"LAS → HOU","WN","119","75.63"
"SMF → LAS","WN","233","75.54"
"HOU → LAS","WN","118","75.42"
"DTW → SLC","DL","122","75.41"
"OAK → BUR","WN","374","75.13"
"LAX → EWR","CO","209","75.12"
"SAN → LAS","WN","337","75.07"
"BWI → BDL","WN","228","75.00"
"MDW → BWI","WN","184","75.00"
"SYR → ATL","EV","104","75.00"
"DAL → LIT","WN","172","75.00"
"ORD → IAH","CO","279","74.91"
"DEN → SAN","WN","147","74.83"
"LAS → PHX","WN","401","74.81"
"HOU → STL","WN","111","74.77"
"MDW → OMA","WN","150","74.67"
"BWI → MCO","WN","217","74.65"
"LAX → ABQ","WN","118","74.58"
"ORD → MIA","AA","279","74.55"
"BWI → CMH","WN","144","74.31"
"LAS → SEA","WN","144","74.31"
"DEN → PHX","WN","245","74.29"
"PHL → MDW","WN","167","74.25"
"EWR → LAX","CO","209","74.16"
"DAL → MSY","WN","201","74.13"
"IAH → FLL","CO","150","74.00"
"BNA → RDU","WN","119","73.95"
"SAN → PHX","WN","330","73.94"
"BWI → BNA","WN","187","73.80"
"PHX → ONT","WN","217","73.73"
"MDW → PIT","WN","171","73.68"
"BWI → ALB","WN","144","73.61"
"LAX → PHX","WN","295","73.56"
"SFO → LAS","WN","208","73.56"
"BWI → MHT","WN","215","73.49"
"SAN → SJC","WN","264","73.48"
"LAS → SJC","WN","241","73.44"
"LAS → ONT","WN","207","73.43"
"SJC → SAN","WN","266","73.31"
"HOU → CRP","WN","138","73.19"
"ORD → LAX","AA","272","73.16"
"OAK → DEN","WN","115","73.04"
"CMH → MDW","WN","181","72.93"
"DTW → LAX","DL","144","72.92"
"EWR → SEA","CO","107","72.90"
"SFO → FAT","OO","118","72.88"
"STL → DEN","WN","114","72.81"
"SAN → DEN","WN","147","72.79"
"MDW → CMH","WN","179","72.63"
"DEN → SLC","WN","168","72.62"
"LAX → SMF","WN","230","72.61"
"CLE → BWI","WN","113","72.57"
"DEN → OAK","WN","113","72.57"
"SMF → ONT","WN","226","72.57"
"PIT → MDW","WN","170","72.35"
"RNO → LAS","WN","295","72.20"
"SNA → IAH","CO","136","72.06"
"BWI → DEN","WN","118","72.03"
"ORD → SEA","AA","118","72.03"
"SEA → DEN","WN","100","72.00"
"MSP → DEN","WN","114","71.93"
"DTW → MDW","WN","171","71.93"
"BWI → RDU","WN","174","71.84"
"BNA → MCO","WN","124","71.77"
"LAS → MDW","WN","265","71.70"
"BNA → BWI","WN","187","71.66"
"HOU → DEN","WN","119","71.43"
"MDW → CLE","WN","178","71.35"
"SFO → DEN","WN","115","71.30"
"EWR → SAN","CO","108","71.30"
"LAX → MDW","WN","181","71.27"
"PHX → SAN","WN","329","71.12"
"ATL → SFO","DL","180","71.11"
"MDW → BOS","WN","145","71.03"
"SMF → SNA","WN","175","70.86"
"MCI → DEN","WN","144","70.83"
"BWI → PVD","WN","243","70.78"
"ORD → SLC","OO","181","70.72"
"LAS → RNO","WN","296","70.61"
"DEN → MSP","WN","112","70.54"
"LGA → MDW","WN","149","70.47"
"PHX → SNA","WN","220","70.45"
"SEA → OAK","WN","196","70.41"
"EWR → SFO","CO","169","70.41"
"MCI → DAL","WN","278","70.14"
"LAS → TUS","WN","147","70.07"
"SJC → BUR","WN","227","70.04"
"DEN → LAS","WN","247","70.04"
"BUR → LAS","WN","327","70.03"
"LAS → DEN","WN","250","70.00"
"IAH → ORD","CO","280","70.00"
"IAH → EWR","CO","340","70.00"
"FLL → MDW","WN","123","69.92"
"MCO → SJU","B6","162","69.75"
"PDX → OAK","WN","165","69.70"
"LAX → ATL","DL","303","69.64"
"LAX → DEN","WN","214","69.63"
"SLC → SEA","DL","171","69.59"
"MSY → DAL","WN","200","69.50"
"IAH → PHL","CO","144","69.44"
"ONT → SMF","WN","225","69.33"
"LAS → BUR","WN","331","69.18"
"MCO → MSY","WN","133","69.17"
"DEN → HOU","WN","120","69.17"
"MCO → STL","WN","123","69.11"
"LAX → SJC","WN","284","69.01"
"SNA → SJC","WN","200","69.00"
"SJC → ONT","WN","145","68.97"
"ELP → PHX","WN","170","68.82"
"SAN → OAK","WN","341","68.62"
"PHX → DEN","WN","247","68.42"
"LAS → LAX","WN","338","68.34"
"ONT → OAK","WN","224","68.30"
"STL → MDW","WN","255","68.24"
"DAL → HOU","WN","701","68.05"
"SJC → SNA","WN","200","68.00"
"DAL → AUS","WN","324","67.90"
"SLC → DEN","WN","171","67.84"
"BUR → PHX","WN","227","67.84"
"FLL → BWI","WN","130","67.69"
"DEN → BWI","WN","114","67.54"
"PHX → SMF","WN","157","67.52"
"PHX → LAX","WN","292","67.47"
"SEA → LAS","WN","146","67.12"
"ORD → ATL","DL","240","67.08"
"DEN → LAX","WN","212","66.98"
"MCI → STL","WN","136","66.91"
"IAH → LAS","CO","211","66.82"
"LAS → SNA","WN","232","66.81"
"MDW → IAD","WN","177","66.67"
"HOU → MSY","WN","282","66.67"
"EWR → DEN","CO","102","66.67"
"IAH → SLC","CO","108","66.67"
"SJU → MCO","B6","161","66.46"
"DFW → SFO","AA","270","66.30"
"PHX → BUR","WN","225","66.22"
"CMH → BWI","WN","142","66.20"
"MCO → MIA","AA","248","66.13"
"MIA → SJU","AA","248","66.13"
"PHX → OAK","WN","177","66.10"
"ABQ → LAX","WN","118","66.10"
"PHL → IAH","CO","144","65.97"
"DAL → SAT","WN","383","65.80"
"SLC → LAX","DL","152","65.79"
"SLC → SFO","OO","213","65.73"
"ATL → SLC","DL","248","65.73"
"SFO → SNA","WN","175","65.71"
"PHX → SJC","WN","169","65.68"
"ABQ → DAL","WN","233","65.67"
"BNA → MDW","WN","201","65.67"
"SFO → EWR","CO","166","65.66"
"DEN → MCI","WN","145","65.52"
"MDW → PHL","WN","171","65.50"
"PDX → SJC","WN","110","65.45"
"BOS → IAH","CO","156","65.38"
"MSP → SLC","DL","164","65.24"
"DEN → STL","WN","115","65.22"
"CLE → MDW","WN","178","65.17"
"MSP → SEA","DL","183","65.03"
"ORD → SFO","AA","180","65.00"
"DFW → MIA","AA","308","64.94"
"PHX → ABQ","WN","248","64.92"
"SJC → PHX","WN","165","64.85"
"EWR → IAH","CO","344","64.83"
"LAX → OAK","WN","406","64.78"
"DEN → MDW","WN","261","64.75"
"ABQ → LAS","WN","156","64.74"
"MSP → LAX","DL","190","64.74"
"HOU → DAL","WN","698","64.61"
"SFO → ONT","OO","124","64.52"
"BWI → MDW","WN","188","64.36"
"MSY → TPA","WN","101","64.36"
"BWI → BOS","WN","230","64.35"
"MDW → ATL","DL","210","64.29"
"SFO → SLC","OO","221","64.25"
"ORD → SAN","AA","123","64.23"
"TUS → LAS","WN","147","63.95"
"TPA → HOU","WN","122","63.93"
"SAN → EWR","CO","108","63.89"
"ONT → SJC","WN","146","63.70"
"CLT → PHX","US","253","63.64"
"SFO → BOI","OO","123","63.41"
"SFO → MFR","OO","183","63.39"
"MLI → ATL","EV","131","63.36"
"SFO → RDD","OO","120","63.33"
"EWR → PHX","CO","109","63.30"
"SAT → HOU","WN","147","63.27"
"SAN → MDW","WN","117","63.25"
"ORD → DFW","AA","451","63.19"
"MSP → MDW","WN","228","63.16"
"IAH → MIA","CO","133","63.16"
"RDU → BNA","WN","119","63.03"
"SEA → SMF","WN","118","62.71"
"MSP → PHX","DL","182","62.64"
"ELP → DAL","WN","198","62.63"
"DTW → ATL","DL","351","62.39"
"PHX → ELP","WN","170","62.35"
"BUR → SMF","WN","223","62.33"
"MCO → HOU","WN","122","62.30"
"EWR → FLL","CO","225","62.22"
"ABQ → PHX","WN","251","62.15"
"LAX → MSP","DL","190","62.11"
"ORD → MCO","AA","123","61.79"
"SAN → IAH","CO","204","61.76"
"AUS → HOU","WN","141","61.70"
"BUR → SJC","WN","227","61.67"
"BDL → BWI","WN","229","61.57"
"IAH → SNA","CO","140","61.43"
"MSY → MCO","WN","132","61.36"
"DFW → SEA","AA","214","61.21"
"OKC → DAL","WN","139","61.15"
"IAH → LGA","CO","234","61.11"
"SFO → ACV","OO","213","61.03"
"IAD → MDW","WN","177","61.02"
"ATL → DEN","DL","241","61.00"
"TUS → LAX","WN","146","60.96"
"TPA → BWI","WN","150","60.67"
"SLC → LAS","DL","183","60.66"
"BOS → FLL","B6","170","60.59"
"MSP → MCO","DL","142","60.56"
"SLC → LAX","OO","142","60.56"
"TPA → BNA","WN","119","60.50"
"ISP → BWI","WN","149","60.40"
"SNA → SFO","OO","101","60.40"
"SMF → BUR","WN","222","60.36"
"DTW → MCO","DL","179","60.34"
"LGA → IAH","CO","232","60.34"
"ATL → LAX","DL","332","60.24"
"SMF → SEA","WN","118","60.17"
"PHL → MCO","WN","138","60.14"
"SFO → EUG","OO","183","60.11"
"CLT → ORD","US","233","60.09"
"RDU → BWI","WN","175","60.00"
"IAH → TPA","CO","150","60.00"
"BOI → DEN","OO","129","59.69"
"LGA → DEN","UA","119","59.66"
"AUS → DAL","WN","327","59.63"
"ACV → SFO","OO","213","59.62"
"SLC → PDX","DL","131","59.54"
"SFO → SBA","OO","234","59.40"
"PHX → LAS","WN","406","59.36"
"SEA → SLC","DL","172","59.30"
"LIT → DAL","WN","172","59.30"
"SAV → ATL","EV","113","59.29"
"PVD → BWI","WN","243","59.26"
"BOS → PBI","B6","157","59.24"
"LBB → DAL","WN","157","59.24"
"DEN → SEA","F9","132","59.09"
"ORD → CLE","XE","139","58.99"
"IAH → BOS","CO","156","58.97"
"SFO → MSP","DL","146","58.90"
"EWR → MIA","CO","146","58.90"
"EWR → MCO","CO","253","58.89"
"SLC → ORD","OO","180","58.89"
"CLT → MIA","MQ","124","58.87"
"DEN → EWR","CO","102","58.82"
"ORD → EWR","CO","194","58.76"
"BOS → MSP","DL","145","58.62"
"FLL → MCO","WN","145","58.62"
"CLE → DFW","MQ","123","58.54"
"SLC → MSP","DL","164","58.54"
"ORD → MKE","OO","229","58.52"
"MSP → ORD","MQ","147","58.50"
"DTW → FLL","DL","173","58.38"
"OMA → MDW","WN","151","58.28"
"LAX → SLC","OO","139","58.27"
"SFO → RNO","OO","170","58.24"
"DFW → SLC","AA","153","58.17"
"BUR → OAK","WN","375","58.13"
"RDU → PHL","WN","117","58.12"
"MCO → ISP","WN","136","58.09"
"FLL → EWR","B6","124","58.06"
"SBA → SFO","OO","236","58.05"
"IAH → SAT","CO","226","57.96"
"DEN → PHX","F9","114","57.89"
"MKE → DEN","F9","121","57.85"
"SAT → DAL","WN","383","57.70"
"MSY → HOU","WN","281","57.65"
"FLL → BOS","B6","170","57.65"
"ATL → OMA","EV","118","57.63"
"SAT → LAS","WN","118","57.63"
"LGA → FLL","B6","151","57.62"
"ALB → BWI","WN","146","57.53"
"IAH → AUS","CO","233","57.51"
"PIT → PHL","WN","160","57.50"
"ATL → PHX","DL","181","57.46"
"IAH → DFW","XE","115","57.39"
"ATL → FLL","DL","414","57.25"
"TPA → PBI","WN","112","57.14"
"MCO → BWI","WN","217","57.14"
"ORF → BWI","WN","114","57.02"
"SFO → SNA","OO","100","57.00"
"FLL → JAX","WN","137","56.93"
"DTW → MSP","DL","269","56.88"
"SLC → ATL","DL","248","56.85"
"FLL → JFK","B6","292","56.85"
"MCO → EWR","B6","139","56.83"
"SFO → SMF","OO","215","56.74"
"FLL → TPA","WN","201","56.72"
"SFO → CIC","OO","120","56.67"
"EWR → LAS","CO","120","56.67"
"DFW → LAX","AA","482","56.64"
"STL → ATL","DL","228","56.58"
"DEN → IAH","CO","221","56.56"
"ORD → IAH","MQ","122","56.56"
"ATL → MLI","EV","131","56.49"
"SLC → SAN","DL","131","56.49"
"JFK → FLL","B6","294","56.46"
"DEN → SNA","F9","124","56.45"
"BUR → SFO","OO","172","56.40"
"SFO → BUR","OO","172","56.40"
"MCO → IAH","CO","183","56.28"
"LAX → LAS","OO","263","56.27"
"MIA → LAX","AA","217","56.22"
"ATL → DTW","DL","322","56.21"
"ISP → MCO","WN","137","56.20"
"CLT → SFO","US","130","56.15"
"ATL → HPN","EV","123","56.10"
"LAX → DTW","DL","173","56.07"
"CLT → MCO","US","273","56.04"
"DTW → LAN","9E","125","56.00"
"EWR → CMH","XE","109","55.96"
"BOS → TPA","B6","109","55.96"
"PDX → IAH","CO","109","55.96"
"MCO → FLL","WN","143","55.94"
"EWR → TPA","CO","170","55.88"
"DTW → MEM","DL","120","55.83"
"MSP → GFK","OO","129","55.81"
"AMA → DAL","WN","156","55.77"
"DFW → PDX","AA","122","55.74"
"SFO → PSP","OO","122","55.74"
"ONT → LAS","WN","210","55.71"
"DTW → PHX","DL","124","55.65"
"JFK → MCO","B6","277","55.60"
"DCA → MSP","DL","153","55.56"
"EWR → RIC","XE","137","55.47"
"ATL → MSP","DL","341","55.43"
"MCO → DFW","AA","307","55.37"
"MHT → BWI","WN","215","55.35"
"ORD → PHL","MQ","141","55.32"
"IAH → DTW","CO","123","55.28"
"SYR → ORD","MQ","114","55.26"
"IAD → ATL","DL","192","55.21"
"ORD → MSN","OO","125","55.20"
"ORD → PHX","AA","154","55.19"
"ATL → BMI","EV","145","55.17"
"DTW → LAS","DL","174","55.17"
"DEN → PDX","F9","136","55.15"
"DTW → LGA","DL","258","55.04"
"MSP → LGA","DL","169","55.03"
"ATL → TUL","EV","100","55.00"
"DTW → GRB","9E","100","55.00"
"DEN → ATL","DL","240","55.00"
"IAH → CLE","CO","182","54.95"
"SLC → SUN","OO","193","54.92"
"SFO → HNL","UA","122","54.92"
"SMF → PHX","US","144","54.86"
"ATL → SYR","EV","104","54.81"
"EWR → PBI","CO","177","54.80"
"BWI → IAH","CO","141","54.61"
"BOS → BWI","WN","229","54.59"
"MCO → MDW","WN","196","54.59"
"JAX → BWI","WN","121","54.55"
"PHL → MHT","WN","112","54.46"
"ORD → SFO","UA","278","54.32"
"CLT → LGA","US","271","54.24"
"SJU → JFK","B6","192","54.17"
"SDF → ATL","EV","109","54.13"
"MFR → SFO","OO","183","54.10"
"RSW → BOS","B6","135","54.07"
"LAS → LAX","OO","261","54.02"
"PHX → SFO","US","163","53.99"
"JFK → PBI","B6","213","53.99"
"LAX → CLT","US","113","53.98"
"DCA → IAH","CO","228","53.95"
"MSP → TPA","DL","102","53.92"
"BNA → ATL","DL","115","53.91"
"SFO → CLT","US","128","53.91"
"EWR → DTW","XE","184","53.80"
"BMI → ATL","EV","145","53.79"
"ORD → ICT","XE","106","53.77"
"PHL → PIT","WN","160","53.75"
"ORD → MSP","MQ","147","53.74"
"LAX → JFK","B6","134","53.73"
"CVG → DFW","MQ","149","53.69"
"MCO → PHL","WN","136","53.68"
"ATL → MCO","DL","490","53.67"
"FAT → SFO","OO","151","53.64"
"ATL → SEA","DL","151","53.64"
"SFO → MRY","OO","179","53.63"
"PVD → MCO","WN","138","53.62"
"SLC → PHX","DL","112","53.57"
"ORD → COS","OO","127","53.54"
"ORD → ROC","MQ","116","53.45"
"TPA → MDW","WN","131","53.44"
"LAX → FAT","OO","189","53.44"
"MSP → DEN","DL","206","53.40"
"MKE → MSP","DL","148","53.38"
"BUF → ATL","DL","150","53.33"
"ORD → LGA","AA","432","53.24"
"MCO → EWR","CO","252","53.17"
"MKE → ORD","OO","230","53.04"
"IND → EWR","XE","166","53.01"
"ATL → ICT","EV","117","52.99"
"EWR → ATL","DL","319","52.98"
"PHL → PHX","US","185","52.97"
"MSP → FAR","OO","102","52.94"
"ATL → TPA","DL","367","52.86"
"SLC → SNA","DL","140","52.86"
"BOS → DTW","DL","176","52.84"
"ATL → ORD","DL","239","52.72"
"ORD → ATL","MQ","205","52.68"
"SLC → SGU","OO","192","52.60"
"LAX → SLC","DL","154","52.60"
"CLT → FLL","US","238","52.52"
"DEN → SLC","OO","398","52.51"
"LAS → EWR","CO","120","52.50"
"EUG → SFO","OO","183","52.46"
"ATL → SJU","DL","122","52.46"
"DEN → MSP","DL","206","52.43"
"DFW → FLL","AA","185","52.43"
"CLT → DEN","US","149","52.35"
"SEA → IAH","CO","197","52.28"
"DTW → BOS","DL","176","52.27"
"LAX → SEA","OO","115","52.17"
"PHL → SFO","US","117","52.14"
"LAX → PSP","OO","169","52.07"
"MCO → BNA","WN","125","52.00"
"BOS → MCO","B6","200","52.00"
"SEA → SFO","AS","208","51.92"
"ATL → MDW","DL","210","51.90"
"MSP → DTW","DL","241","51.87"
"MSP → LAS","DL","191","51.83"
"MCO → JFK","B6","276","51.81"
"RNO → SFO","OO","141","51.77"
"CLT → IAH","US","176","51.70"
"SLC → TWF","OO","120","51.67"
"CLE → ATL","EV","151","51.66"
"EWR → FLL","B6","124","51.61"
"DTW → MKE","DL","132","51.52"
"MIA → IAH","CO","132","51.52"
"ATL → PBI","DL","301","51.50"
"TPA → EWR","CO","169","51.48"
"SLC → BOI","OO","136","51.47"
"EWR → DCA","XE","136","51.47"
"DFW → EWR","AA","171","51.46"
"MSP → ATL","DL","344","51.45"
"BOS → JFK","B6","216","51.39"
"SFO → SBP","OO","152","51.32"
"MSP → IAH","XE","123","51.22"
"DEN → SAN","F9","131","51.15"
"LAS → SLC","DL","182","51.10"
"CLT → BDL","US","141","51.06"
"FLL → LGA","B6","151","50.99"
"SFO → SEA","AS","208","50.96"
"IAH → ATL","XE","163","50.92"
"SLC → PIH","OO","112","50.89"
"IAH → DCA","CO","228","50.88"
"ROC → ORD","MQ","116","50.86"
"JFK → MIA","AA","217","50.69"
"SEA → ATL","DL","150","50.67"
"DTW → TPA","DL","176","50.57"
"DEN → LAX","F9","176","50.57"
"DFW → SAN","AA","275","50.55"
"ORD → EWR","AA","105","50.48"
"ATL → PHF","EV","107","50.47"
"SEA → EWR","CO","107","50.47"
"DTW → TVC","9E","113","50.44"
"LAX → PDX","OO","117","50.43"
"ATL → JAX","DL","363","50.41"
"LAX → DEN","MQ","123","50.41"
"TWF → SLC","OO","121","50.41"
"MSP → BOS","DL","143","50.35"
"BOS → EWR","CO","189","50.26"
"MCO → BOS","B6","201","50.25"
"MIA → JFK","AA","217","50.23"
"ATL → LGA","FL","237","50.21"
"ATL → LAS","DL","243","50.21"
"ORD → BOS","AA","235","50.21"
"MIA → EWR","CO","146","50.00"
"IAH → SDF","XE","100","50.00"
"PHL → RDU","WN","118","50.00"
"TPA → FLL","WN","202","50.00"
"OMA → ATL","EV","118","50.00"
"SFO → MOD","OO","144","50.00"
"MIA → MCO","AA","248","50.00"
"HPN → ATL","EV","124","50.00"
"SMF → SFO","OO","215","49.77"
"CLT → RSW","US","171","49.71"
"EWR → MSP","XE","167","49.70"
"DCA → DTW","DL","167","49.70"
"ATL → SAN","DL","153","49.67"
"ATL → CLE","EV","151","49.67"
"MCO → PVD","WN","137","49.64"
"ATL → CVG","DL","137","49.64"
"DEN → BZN","OO","119","49.58"
"PDX → EUG","OO","119","49.58"
"DTW → IND","DL","117","49.57"
"LGB → OAK","B6","117","49.57"
"ATL → SAV","EV","113","49.56"
"PHL → PVD","WN","113","49.56"
"BOS → DCA","B6","194","49.48"
"DEN → LAS","F9","192","49.48"
"MIA → DFW","AA","308","49.35"
"ORD → LAS","AA","152","49.34"
"SLC → BZN","OO","144","49.31"
"EWR → MCI","XE","130","49.23"
"ATL → EWR","DL","319","49.22"
"SLC → JFK","DL","124","49.19"
"ONT → SFO","OO","124","49.19"
"DFW → ONT","AA","122","49.18"
"ATL → LGA","DL","474","49.16"
"ORD → MCI","AA","118","49.15"
"SLC → EKO","OO","116","49.14"
"ATL → IND","DL","220","49.09"
"PHF → ATL","EV","106","49.06"
"LGB → LAS","B6","102","49.02"
"MSP → MKE","DL","147","48.98"
"IND → ORD","MQ","145","48.97"
"PHL → DFW","AA","180","48.89"
"DEN → ASE","OO","303","48.84"
"LEX → ATL","EV","205","48.78"
"LAX → YUM","OO","119","48.74"
"DTW → FWA","9E","113","48.67"
"MKE → DFW","MQ","150","48.67"
"SBP → SFO","OO","148","48.65"
"PHX → ORD","US","148","48.65"
"DTW → ORD","DL","111","48.65"
"DFW → TUS","AA","210","48.57"
"SFO → DFW","AA","270","48.52"
"ATL → JFK","DL","202","48.51"
"DTW → RSW","DL","130","48.46"
"EWR → ORD","CO","194","48.45"
"BOI → SFO","OO","124","48.39"
"PSP → SFO","OO","122","48.36"
"JFK → BTV","B6","122","48.36"
"PDX → LAX","OO","122","48.36"
"DTW → ORD","MQ","211","48.34"
"EKO → SLC","OO","116","48.28"
"SFO → IAD","UA","230","48.26"
"CLT → PHL","US","286","48.25"
"LGB → SFO","B6","112","48.21"
"LAX → JFK","DL","195","48.21"
"SBN → DTW","9E","112","48.21"
"EWR → MCO","B6","139","48.20"
"BOS → ATL","DL","328","48.17"
"CLT → MIA","US","189","48.15"
"SEA → DFW","AA","214","48.13"
"MIA → LGA","AA","341","48.09"
"ORD → DCA","AA","177","48.02"
"FAT → LAS","OO","119","47.90"
"ORD → DTW","MQ","211","47.87"
"DTW → BUF","9E","138","47.83"
"LAX → SAN","OO","573","47.82"
"PHX → MSP","DL","182","47.80"
"PHL → LAX","US","159","47.80"
"ATL → LAX","FL","109","47.71"
"DCA → MIA","AA","279","47.67"
"PHF → ATL","FL","107","47.66"
"PHL → BOS","WN","227","47.58"
"JFK → SLC","DL","124","47.58"
"DFW → CLT","US","225","47.56"
"CAK → ATL","FL","120","47.50"
"BUF → ORD","MQ","118","47.46"
"IAD → JFK","EV","118","47.46"
"DEN → MSP","F9","118","47.46"
"SEA → ORD","AA","118","47.46"
"IAH → ELP","XE","175","47.43"
"ATL → DFW","DL","325","47.38"
"DTW → MDW","9E","171","47.37"
"MSP → DCA","DL","152","47.37"
"DEN → BOI","OO","131","47.33"
"ORD → CMI","MQ","148","47.30"
"SDF → MDW","WN","125","47.20"
"LAX → PHL","US","159","47.17"
"PSP → DEN","OO","123","47.15"
"LAS → MSP","DL","191","47.12"
"DEN → MKE","F9","121","47.11"
"ORD → DEN","UA","276","47.10"
"SLC → ONT","OO","119","47.06"
"CLE → ORD","XE","170","47.06"
"MDT → ATL","EV","119","47.06"
"IAH → IND","XE","119","47.06"
"EUG → PDX","OO","119","47.06"
"HPN → MCO","B6","119","47.06"
"SLC → DEN","OO","404","47.03"
"BOS → SFO","UA","168","47.02"
"LAX → SBA","OO","234","47.01"
"CLT → EWR","US","232","46.98"
"ATL → MEM","DL","215","46.98"
"HRL → HOU","WN","181","46.96"
"BOS → PHL","WN","228","46.93"
"PHX → SLC","DL","113","46.90"
"IAD → SFO","UA","254","46.85"
"PHL → ORD","MQ","141","46.81"
"DTW → SBN","9E","141","46.81"
"IAH → BWI","CO","141","46.81"
"FAT → LAX","OO","156","46.79"
"ORD → PDX","UA","124","46.77"
"BUF → DTW","9E","139","46.76"
"DFW → ORD","AA","452","46.68"
"DEN → MSO","OO","135","46.67"
"ORD → PHX","US","148","46.62"
"MIA → ORD","AA","279","46.59"
"ORD → SPI","OO","116","46.55"
"ATL → BNA","EV","144","46.53"
"ORD → EWR","XE","110","46.36"
"EWR → RSW","CO","108","46.30"
"JFK → LAX","B6","134","46.27"
"ORD → JFK","OH","106","46.23"
"MEM → MSP","DL","119","46.22"
"CLT → DFW","US","225","46.22"
"MCI → EWR","XE","132","46.21"
"MDW → DTW","9E","171","46.20"
"SFO → SEA","UA","169","46.15"
"EWR → ATL","XE","117","46.15"
"HPN → PBI","B6","104","46.15"
"DEN → CPR","OO","117","46.15"
"CLT → BOS","US","267","46.07"
"BDL → ATL","DL","178","46.07"
"ORD → CLT","US","228","46.05"
"CVG → ATL","DL","139","46.04"
"PBI → TPA","WN","113","46.02"
"LAX → CLD","OO","163","46.01"
"SLC → LGB","OO","150","46.00"
"SEA → ANC","AS","372","45.97"
"MCO → RSW","WN","124","45.97"
"ATL → ORD","MQ","205","45.85"
"SLC → IAH","CO","107","45.79"
"ABQ → DEN","OO","118","45.76"
"BWI → ORD","MQ","118","45.76"
"RDU → DFW","AA","153","45.75"
"EWR → STL","XE","162","45.68"
"EWR → BNA","XE","160","45.63"
"DFW → SJC","AA","180","45.56"
"DFW → SNA","AA","323","45.51"
"OMA → IAH","XE","156","45.51"
"CLT → PBI","US","176","45.45"
"JFK → TPA","B6","165","45.45"
"EWR → JAX","XE","110","45.45"
"BWI → CLT","US","251","45.42"
"DEN → DRO","OO","218","45.41"
"PHL → ORD","US","207","45.41"
"CLT → TPA","US","271","45.39"
"CVG → EWR","XE","108","45.37"
"LAX → SFO","UA","441","45.35"
"JFK → ROC","B6","139","45.32"
"PIH → SLC","OO","113","45.13"
"ATL → RDU","DL","328","45.12"
"ORD → LAX","UA","297","45.12"
"DFW → SMF","AA","122","45.08"
"SEA → LAX","OO","120","45.00"
"ATL → BHM","EV","289","44.98"
"DTW → BWI","DL","158","44.94"
"CLT → PVD","US","138","44.93"
"MSP → DEN","F9","118","44.92"
"ORD → BUF","MQ","118","44.92"
"ORD → STL","AA","265","44.91"
"PIT → ORD","MQ","147","44.90"
"RSW → EWR","CO","107","44.86"
"IAH → MSY","CO","292","44.86"
"JFK → SJU","B6","194","44.85"
"PDX → SLC","DL","132","44.70"
"MKE → DTW","DL","132","44.70"
"DFW → TPA","AA","215","44.65"
"PHL → SJU","US","112","44.64"
"MSP → ATL","FL","121","44.63"
"MSN → DEN","OO","101","44.55"
"COS → ORD","OO","128","44.53"
"DFW → LGA","AA","429","44.52"
"OAJ → ATL","EV","135","44.44"
"ATL → OAJ","EV","135","44.44"
"CLT → MEM","YV","117","44.44"
"LGA → PBI","DL","117","44.44"
"ATL → MKE","DL","169","44.38"
"ATL → MIA","DL","336","44.35"
"IAD → DEN","UA","239","44.35"
"EWR → IND","XE","165","44.24"
"GSP → ATL","EV","172","44.19"
"ATL → BOS","FL","120","44.17"
"ORD → IND","MQ","145","44.14"
"MHT → PHL","WN","111","44.14"
"BOS → MDW","WN","145","44.14"
"BNA → ATL","EV","145","44.14"
"SFO → ATL","DL","179","44.13"
"ROA → ATL","EV","118","44.07"
"DEN → GJT","OO","218","44.04"
"IAD → CAE","EV","109","44.04"
"BWI → DTW","DL","159","44.03"
"IAH → CLT","XE","184","44.02"
"SEA → MSP","DL","184","44.02"
"EWR → MHT","XE","116","43.97"
"ATL → BTR","EV","223","43.95"
"EWR → BOS","CO","189","43.92"
"DFW → CLE","MQ","123","43.90"
"SFO → ORD","AA","180","43.89"
"CLT → RDU","US","221","43.89"
"SLC → ABQ","OO","171","43.86"
"CLT → LAX","US","114","43.86"
"CLT → BWI","US","251","43.82"
"PHX → SMF","US","144","43.75"
"SFO → LGB","B6","112","43.75"
"BIS → DEN","OO","119","43.70"
"ATL → ILM","EV","165","43.64"
"CLT → BUF","US","110","43.64"
"DFW → CVG","MQ","149","43.62"
"LGA → MCO","DL","163","43.56"
"ATL → MSY","DL","326","43.56"
"PHX → PDX","US","163","43.56"
"JFK → SFO","AA","154","43.51"
"SAN → SLC","DL","131","43.51"
"JAX → FLL","WN","138","43.48"
"ORD → LIT","MQ","122","43.44"
"FLL → EWR","CO","228","43.42"
"ORD → CVG","MQ","143","43.36"
"PHX → IAH","CO","150","43.33"
"DFW → IAH","AA","180","43.33"
"ORD → SAN","UA","150","43.33"
"DFW → MCO","AA","307","43.32"
"GSO → ATL","EV","127","43.31"
"PSC → SLC","OO","127","43.31"
"LAX → HNL","UA","111","43.24"
"IAH → JAX","XE","162","43.21"
"EWR → DFW","CO","132","43.18"
"SLC → IDA","OO","132","43.18"
"LAX → ORD","UA","320","43.13"
"MSP → EWR","XE","167","43.11"
"LAX → IAD","UA","225","43.11"
"DFW → BOS","AA","230","43.04"
"JFK → RSW","B6","165","43.03"
"MIA → DCA","AA","279","43.01"
"EWR → PVD","XE","121","42.98"
"LAX → DEN","F9","177","42.94"
"OAK → SEA","AS","119","42.86"
"DEN → FAR","OO","119","42.86"
"DCA → FLL","US","119","42.86"
"LGA → MKE","FL","140","42.86"
"CLT → LAS","US","147","42.86"
"ATL → DCA","DL","467","42.83"
"ATL → IAH","DL","138","42.75"
"CRP → HOU","WN","138","42.75"
"ATL → BNA","DL","117","42.74"
"GSO → EWR","XE","103","42.72"
"ATL → IAD","DL","192","42.71"
"LAX → SFO","AA","185","42.70"
"SBA → LAX","OO","232","42.67"
"CLT → CHS","YV","136","42.65"
"PDX → DFW","AA","122","42.62"
"ATL → ORF","DL","169","42.60"
"EWR → CVG","XE","108","42.59"
"EWR → CLE","CO","174","42.53"
"IND → ATL","DL","221","42.53"
"MRY → SFO","OO","179","42.46"
"ATL → GSP","EV","158","42.41"
"DEN → PSP","OO","125","42.40"
"ATL → SRQ","DL","184","42.39"
"LAS → ATL","DL","243","42.39"
"ORD → BWI","MQ","118","42.37"
"ATL → MDT","EV","118","42.37"
"JFK → LAS","DL","144","42.36"
"JFK → BOS","B6","215","42.33"
"BOS → IAD","B6","163","42.33"
"GFK → MSP","OO","130","42.31"
"DEN → LAX","MQ","123","42.28"
"JFK → SFO","DL","149","42.28"
"JFK → BUF","B6","220","42.27"
"SAN → LAX","OO","573","42.23"
"DEN → RAP","OO","180","42.22"
"EWR → GSO","XE","102","42.16"
"ATL → AGS","EV","261","42.15"
"PHX → ATL","US","100","42.00"
"LAS → IAH","CO","212","41.98"
"PIT → ATL","DL","212","41.98"
"IND → MSP","DL","112","41.96"
"DTW → MBS","9E","174","41.95"
"PHL → FLL","US","167","41.92"
"PHX → CLT","US","253","41.90"
"MCO → DTW","DL","179","41.90"
"SFO → PHL","US","117","41.88"
"DFW → RDU","AA","153","41.83"
"EWR → ORD","XE","110","41.82"
"MSP → MEM","DL","122","41.80"
"LAX → SMF","OO","122","41.80"
"FAR → MSP","OO","103","41.75"
"SEA → DEN","F9","132","41.67"
"LGA → MIA","AA","341","41.64"
"DEN → LGA","UA","149","41.61"
"ATL → LIT","EV","161","41.61"
"ORD → GRB","MQ","118","41.53"
"PHL → DTW","DL","118","41.53"
"ATL → RSW","DL","229","41.48"
"BOS → RSW","B6","135","41.48"
"PHL → DFW","US","135","41.48"
"MIA → BOS","AA","217","41.47"
"TUL → DAL","WN","152","41.45"
"SNA → SLC","DL","140","41.43"
"LGA → MSP","DL","169","41.42"
"DTW → PHL","DL","116","41.38"
"ORD → CLE","MQ","174","41.38"
"IAH → BRO","XE","145","41.38"
"ATL → SAV","DL","179","41.34"
"ATL → MCO","FL","288","41.32"
"CMH → ORD","MQ","259","41.31"
"IAH → TYS","XE","109","41.28"
"DEN → SFO","UA","274","41.24"
"IND → IAH","XE","114","41.23"
"ATL → BOS","DL","330","41.21"
"AVL → ATL","EV","260","41.15"
"BDL → CLT","US","141","41.13"
"IAH → BNA","XE","202","41.09"
"IAH → MAF","XE","168","41.07"
"ATL → JAN","EV","229","41.05"
"MSP → DFW","AA","178","41.01"
"SNA → SFO","UA","100","41.00"
"ORD → OKC","MQ","122","40.98"
"ATL → FLL","FL","249","40.96"
"ATL → PHL","DL","325","40.92"
"ATL → BWI","FL","203","40.89"
"SFO → ORD","UA","296","40.88"
"CIC → SFO","OO","120","40.83"
"ATL → GSO","EV","130","40.77"
"DTW → EWR","XE","184","40.76"
"STL → EWR","XE","162","40.74"
"ORD → XNA","MQ","189","40.74"
"IAH → DAL","XE","194","40.72"
"DEN → TUS","OO","177","40.68"
"PBI → EWR","CO","177","40.68"
"FLL → IAH","CO","150","40.67"
"SJC → LAX","MQ","182","40.66"
"MKE → ATL","DL","170","40.59"
"PHL → MIA","US","106","40.57"
"BOS → RDU","B6","106","40.57"
"SJC → DFW","AA","180","40.56"
"DFW → LAS","AA","328","40.55"
"DFW → LBB","MQ","148","40.54"
"DFW → VPS","MQ","153","40.52"
"DTW → DCA","DL","163","40.49"
"CLD → LAX","OO","163","40.49"
"DFW → AUS","AA","450","40.44"
"DFW → TUL","AA","213","40.38"
"CWA → ORD","OO","114","40.35"
"ORD → CWA","OO","114","40.35"
"MCO → HPN","B6","119","40.34"
"DFW → ELP","AA","238","40.34"
"YUM → LAX","OO","119","40.34"
"CLE → IAH","CO","186","40.32"
"DFW → ATL","DL","325","40.31"
"LAX → TUS","OO","129","40.31"
"ORD → DSM","MQ","139","40.29"
"SLC → PHX","US","139","40.29"
"ATL → PIT","DL","216","40.28"
"JFK → ATL","DL","204","40.20"
"LGA → TPA","DL","117","40.17"
"ORD → CMH","MQ","259","40.15"
"ATL → MKE","FL","137","40.15"
"ATL → SHV","EV","147","40.14"
"ORD → PIT","MQ","147","40.14"
"IAH → MCI","XE","272","40.07"
"ATL → MLB","DL","105","40.00"
"IAH → JAN","XE","140","40.00"
"CLT → ATL","DL","280","40.00"
"PHL → TPA","US","155","40.00"
"DFW → PHL","AA","180","40.00"
"DFW → ABQ","AA","243","39.92"
"DFW → SAT","AA","451","39.91"
"SBP → LAX","OO","183","39.89"
"SFO → BOS","UA","168","39.88"
"ATL → HSV","EV","148","39.86"
"ATL → FAY","EV","246","39.84"
"BDL → ORD","MQ","118","39.83"
"PHX → DEN","F9","113","39.82"
"LGA → ORD","UA","442","39.82"
"CLE → ALB","XE","103","39.81"
"TPA → BOS","B6","108","39.81"
"ATL → VPS","EV","299","39.80"
"ATL → SAT","DL","239","39.75"
"DEN → ORD","UA","302","39.74"
"PDX → DEN","F9","136","39.71"
"LAX → PHX","OO","126","39.68"
"DFW → PHX","AA","300","39.67"
"LGA → ATL","FL","237","39.66"
"LAS → DTW","DL","174","39.66"
"DEN → COS","OO","328","39.63"
"ATL → AUS","DL","164","39.63"
"LAX → MIA","AA","217","39.63"
"BOS → MIA","AA","217","39.63"
"ATL → CAE","EV","265","39.62"
"EWR → ORD","UA","101","39.60"
"CID → DFW","MQ","144","39.58"
"SGU → SLC","OO","192","39.58"
"JFK → MCO","AA","124","39.52"
"ATL → CHS","DL","205","39.51"
"DFW → XNA","MQ","200","39.50"
"ORD → TYS","MQ","114","39.47"
"DEN → MTJ","OO","109","39.45"
"PNS → ATL","DL","221","39.37"
"MSP → LGA","MQ","122","39.34"
"ATL → CAK","EV","178","39.33"
"CAK → ATL","EV","178","39.33"
"BHM → ATL","EV","288","39.24"
"DFW → COS","AA","153","39.22"
"PHL → MCO","US","240","39.17"
"CLE → EWR","CO","174","39.08"
"IAH → MFE","CO","105","39.05"
"ORD → PIT","UA","105","39.05"
"ATL → STL","DL","228","39.04"
"SAN → ORD","AA","123","39.02"
"ATL → PHX","US","100","39.00"
"SAT → IAH","CO","226","38.94"
"MEM → ATL","DL","216","38.89"
"MOD → SFO","OO","144","38.89"
"LGA → FLL","DL","162","38.89"
"SFO → LAX","UA","440","38.86"
"LIT → ORD","MQ","121","38.84"
"MAF → DAL","WN","147","38.78"
"ATL → RIC","FL","111","38.74"
"MIA → ATL","DL","336","38.69"
"RDU → IAH","XE","106","38.68"
"PBI → JFK","B6","212","38.68"
"LGB → SLC","OO","150","38.67"
"JFK → IAD","EV","119","38.66"
"ATL → LEX","EV","207","38.65"
"BWI → ATL","DL","326","38.65"
"ATL → MOB","EV","246","38.62"
"BOS → PHX","US","101","38.61"
"ORD → SYR","MQ","114","38.60"
"PHX → DTW","DL","127","38.58"
"SMF → LAX","OO","122","38.52"
"IAH → ORD","MQ","122","38.52"
"SLC → DTW","DL","122","38.52"
"IAH → BHM","XE","195","38.46"
"DFW → DEN","F9","104","38.46"
"HSV → ATL","EV","177","38.42"
"ATL → TLH","EV","203","38.42"
"ATL → EWR","XE","112","38.39"
"PSP → LAX","OO","172","38.37"
"FLL → ATL","DL","412","38.35"
"ATL → CAK","FL","120","38.33"
"SJC → SEA","AS","154","38.31"
"MKE → IAH","XE","141","38.30"
"BNA → EWR","XE","162","38.27"
"DFW → TYS","MQ","149","38.26"
"PDX → SFO","UA","115","38.26"
"DCA → EWR","XE","136","38.24"
"JFK → SYR","B6","102","38.24"
"COS → DEN","OO","327","38.23"
"MCO → ORD","AA","123","38.21"
"FAY → ATL","EV","246","38.21"
"DFW → MSP","AA","178","38.20"
"OAK → LGB","B6","118","38.14"
"CLT → ORD","MQ","118","38.14"
"DFW → GRK","MQ","176","38.07"
"ATL → IAH","XE","155","38.06"
"ORD → MCO","UA","163","38.04"
"ATL → PNS","DL","221","38.01"
"RDU → CLT","US","221","38.01"
"DCA → BOS","B6","195","37.95"
"IAH → MSP","XE","124","37.90"
"ATL → AEX","EV","132","37.88"
"LAX → ORD","AA","272","37.87"
"ATL → TRI","EV","206","37.86"
"CLT → LGA","MQ","148","37.84"
"MSO → SLC","OO","148","37.84"
"ATL → RIC","DL","230","37.83"
"PBI → BOS","B6","156","37.82"
"DEN → BIS","OO","119","37.82"
"IAH → OMA","XE","156","37.82"
"CLT → DTW","DL","119","37.82"
"PHX → ATL","DL","180","37.78"
"ORD → OMA","MQ","122","37.70"
"LGA → ATL","DL","475","37.68"
"SLC → BIL","OO","146","37.67"
"ATL → MCI","DL","231","37.66"
"BOI → SLC","OO","154","37.66"
"PDX → SEA","OO","255","37.65"
"ATL → GNV","EV","194","37.63"
"GNV → ATL","EV","194","37.63"
"ORD → TPA","UA","101","37.62"
"CMH → EWR","XE","109","37.61"
"CAE → ATL","EV","266","37.59"
"PHL → ATL","DL","325","37.54"
"SJU → MIA","AA","248","37.50"
"LIT → ATL","EV","160","37.50"
"MCO → IND","FL","112","37.50"
"PVD → PHL","WN","112","37.50"
"ORD → SEA","UA","155","37.42"
"ATL → XNA","EV","139","37.41"
"ATL → ROA","EV","118","37.29"
"MCO → JFK","DL","118","37.29"
"MCI → IAH","XE","271","37.27"
"DFW → BNA","AA","239","37.24"
"MKE → ATL","FL","137","37.23"
"PVD → EWR","XE","121","37.19"
"TLH → ATL","EV","202","37.13"
"ATL → MGM","EV","229","37.12"
"DTW → IAH","CO","124","37.10"
"MCO → JFK","AA","124","37.10"
"DAY → ATL","DL","151","37.09"
"ATL → CMH","DL","205","37.07"
"DFW → ATL","AA","321","37.07"
"DTW → CVG","OH","108","37.04"
"LAX → PHX","US","192","36.98"
"DTW → CLT","DL","119","36.97"
"ORD → PHL","US","211","36.97"
"IAD → LAX","UA","238","36.97"
"PHX → OAK","US","130","36.92"
"SFO → DEN","UA","271","36.90"
"TRI → ATL","EV","206","36.89"
"SYR → JFK","B6","103","36.89"
"BTV → JFK","B6","122","36.89"
"PBI → ATL","DL","301","36.88"
"IAH → ABQ","XE","160","36.88"
"ATL → BDL","DL","179","36.87"
"AGS → ATL","EV","261","36.78"
"SFO → LAX","AA","185","36.76"
"DEN → IAD","UA","237","36.71"
"BOS → CLT","US","267","36.70"
"MEM → ATL","FL","109","36.70"
"CLT → CVG","YV","109","36.70"
"LAX → SMX","OO","120","36.67"
"PHX → DTW","US","101","36.63"
"JFK → LAX","AA","304","36.51"
"SLC → MSO","OO","148","36.49"
"PHL → CLT","US","296","36.49"
"PHX → LAX","US","192","36.46"
"PHX → EWR","CO","107","36.45"
"MKE → DCA","FL","118","36.44"
"JFK → LAX","UA","179","36.31"
"IAH → COS","XE","146","36.30"
"DFW → DTW","AA","149","36.24"
"MSY → CLT","US","116","36.21"
"AUS → IAH","CO","232","36.21"
"ORD → BOS","UA","210","36.19"
"IAH → PNS","XE","130","36.15"
"VPS → ATL","EV","299","36.12"
"BWI → DFW","AA","180","36.11"
"DFW → DCA","AA","324","36.11"
"IAH → AMA","XE","111","36.04"
"IAH → CVG","XE","136","36.03"
"DFW → PNS","MQ","153","35.95"
"MCI → ATL","DL","231","35.93"
"MCI → CLE","XE","103","35.92"
"IAH → OKC","XE","195","35.90"
"DFW → BUR","AA","117","35.90"
"BTR → ATL","EV","223","35.87"
"PHX → PHL","US","184","35.87"
"IAD → CLT","YV","201","35.82"
"ATL → SDF","EV","109","35.78"
"DFW → DSM","MQ","179","35.75"
"LAX → SBP","OO","179","35.75"
"DAL → IAH","XE","193","35.75"
"ORD → BNA","MQ","207","35.75"
"BOS → BWI","B6","112","35.71"
"ATL → PHL","FL","140","35.71"
"MKE → LGA","FL","140","35.71"
"LAX → SEA","AS","297","35.69"
"IAD → DFW","AA","171","35.67"
"RIC → ATL","DL","230","35.65"
"CLE → ORD","MQ","174","35.63"
"ORD → LGA","UA","410","35.61"
"DFW → MEM","AA","118","35.59"
"DFW → JAX","AA","118","35.59"
"DFW → LRD","MQ","118","35.59"
"DFW → ICT","AA","118","35.59"
"PHX → SEA","US","163","35.58"
"DFW → BWI","AA","180","35.56"
"ATL → MSP","FL","121","35.54"
"SAN → ATL","DL","152","35.53"
"MCO → ATL","DL","490","35.51"
"LGA → ORD","AA","432","35.42"
"MOB → ATL","EV","246","35.37"
"DFW → MKE","MQ","150","35.33"
"LAS → FAT","OO","119","35.29"
"DFW → CRP","MQ","238","35.29"
"DEN → BWI","UA","119","35.29"
"ATL → ECP","EV","193","35.23"
"ATL → HOU","FL","145","35.17"
"JFK → BOS","OH","148","35.14"
"PDX → LAX","AS","148","35.14"
"JAN → ATL","EV","228","35.09"
"TVC → DTW","9E","114","35.09"
"TYS → ATL","EV","214","35.05"
"PBI → LGA","DL","117","35.04"
"ATL → CLT","DL","280","35.00"
"DFW → DEN","AA","306","34.97"
"COS → IAH","XE","146","34.93"
"TYS → DFW","MQ","149","34.90"
"ATL → DFW","FL","172","34.88"
"DFW → PHL","US","135","34.81"
"LGA → ATL","MQ","204","34.80"
"ATL → LGA","MQ","204","34.80"
"FAI → ANC","AS","207","34.78"
"ORD → CLT","MQ","118","34.75"
"LGA → DTW","DL","259","34.75"
"ORD → BDL","MQ","118","34.75"
"SAT → ATL","DL","239","34.73"
"DFW → MCI","AA","239","34.73"
"MSY → IAH","CO","291","34.71"
"SJC → PHX","US","153","34.64"
"ATL → PHF","FL","107","34.58"
"MCO → MSP","DL","142","34.51"
"IAH → LBB","XE","113","34.51"
"ATL → MYR","EV","148","34.46"
"FAR → DEN","OO","119","34.45"
"BOS → DEN","UA","119","34.45"
"CAE → IAD","EV","119","34.45"
"LGA → MSP","MQ","122","34.43"
"SAN → SFO","UA","247","34.41"
"LIH → HNL","HA","500","34.40"
"SAN → DEN","F9","131","34.35"
"TPA → ATL","DL","367","34.33"
"DFW → SGF","MQ","239","34.31"
"DEN → DFW","F9","105","34.29"
"DCA → ATL","DL","467","34.26"
"JAX → ATL","DL","362","34.25"
"IAH → CRP","XE","313","34.19"
"RSW → JFK","B6","164","34.15"
"TPA → JFK","B6","164","34.15"
"IAH → BTR","XE","214","34.11"
"IAH → CLT","US","176","34.09"
"JAN → IAH","XE","141","34.04"
"MDW → ATL","FL","188","34.04"
"MCO → DCA","US","150","34.00"
"TPA → MSP","DL","103","33.98"
"MCO → PHL","FL","103","33.98"
"ALB → CLE","XE","103","33.98"
"DRO → DEN","OO","218","33.94"
"ATL → DTW","FL","112","33.93"
"DEN → ABQ","OO","118","33.90"
"DCA → MCO","DL","118","33.90"
"CLT → ILM","YV","118","33.90"
"SAV → ATL","DL","180","33.89"
"SMF → SEA","AS","121","33.88"
"LAX → HNL","AA","124","33.87"
"MIA → CLT","MQ","124","33.87"
"XNA → ORD","MQ","189","33.86"
"ORD → IAD","UA","210","33.81"
"IAH → HRL","XE","145","33.79"
"LGA → CLT","MQ","148","33.78"
"ATL → AVL","EV","261","33.72"
"LGA → RDU","MQ","267","33.71"
"ATL → RSW","FL","122","33.61"
"LAX → DFW","AA","482","33.61"
"CLT → DCA","US","256","33.59"
"SLC → PSC","OO","128","33.59"
"DEN → LAX","UA","265","33.58"
"DTW → DFW","AA","149","33.56"
"SFO → JFK","DL","149","33.56"
"SAN → SEA","AS","197","33.50"
"BOS → DFW","AA","230","33.48"
"SAN → DFW","AA","275","33.45"
"BOS → ORD","UA","213","33.33"
"PHX → LAX","OO","126","33.33"
"DFW → IND","AA","153","33.33"
"IAH → RDU","XE","105","33.33"
"PHX → SJC","US","153","33.33"
"RDU → ATL","FL","111","33.33"
"CLE → MCI","XE","105","33.33"
"ABQ → SLC","OO","171","33.33"
"SEA → PHX","AS","150","33.33"
"CLT → IAD","YV","204","33.33"
"ICT → ATL","EV","117","33.33"
"ORD → LAS","UA","135","33.33"
"DCA → MCO","US","150","33.33"
"CPR → DEN","OO","117","33.33"
"PIT → ATL","FL","117","33.33"
"MIA → JFK","DL","147","33.33"
"RDU → ATL","DL","328","33.23"
"CLT → ATL","US","214","33.18"
"DFW → ABI","MQ","211","33.18"
"IAD → BOS","B6","163","33.13"
"CVG → IAH","XE","136","33.09"
"IAH → LRD","XE","106","33.02"
"DFW → SHV","MQ","103","33.01"
"SLC → GJT","OO","103","33.01"
"SEA → LAX","AS","297","33.00"
"PHX → ONT","US","155","32.90"
"ATL → SNA","DL","140","32.86"
"PHL → ATL","FL","140","32.86"
"IAH → ICT","XE","134","32.84"
"ORD → PHL","UA","134","32.84"
"SNA → DEN","UA","131","32.82"
"OMA → ORD","MQ","122","32.79"
"HNL → KOA","HA","491","32.79"
"HNL → LIH","HA","531","32.77"
"SFO → LAS","UA","162","32.72"
"ATL → CHA","EV","217","32.72"
"IAD → MCO","UA","156","32.69"
"DTW → PHX","US","101","32.67"
"ATL → BUF","DL","150","32.67"
"ATL → DAY","DL","150","32.67"
"PHX → BOS","US","101","32.67"
"HNL → ITO","HA","426","32.63"
"IAH → MKE","XE","141","32.62"
"MSO → DEN","OO","135","32.59"
"PHX → MSP","US","132","32.58"
"BUF → JFK","B6","221","32.58"
"HNL → OGG","HA","731","32.56"
"MCO → PHL","US","240","32.50"
"RDD → SFO","OO","120","32.50"
"DTW → ATL","FL","111","32.43"
"DCA → DFW","AA","324","32.41"
"DFW → OKC","AA","213","32.39"
"DFW → BTR","MQ","244","32.38"
"PHX → SFO","UA","102","32.35"
"LAS → SFO","UA","158","32.28"
"SNA → DEN","F9","124","32.26"
"MCO → CLT","US","273","32.23"
"JAN → DFW","MQ","239","32.22"
"MCI → ORD","AA","118","32.20"
"DCA → ORD","AA","177","32.20"
"MSP → ORD","UA","171","32.16"
"JFK → SFO","UA","196","32.14"
"TPA → IAH","CO","150","32.00"
"MSY → ATL","DL","325","32.00"
"LIT → IAH","XE","172","31.98"
"DFW → ATL","FL","172","31.98"
"JFK → MIA","DL","147","31.97"
"ATL → JAX","FL","119","31.93"
"LAX → DEN","UA","254","31.89"
"RDU → LGA","MQ","267","31.84"
"TYS → IAH","XE","110","31.82"
"BUF → CLT","US","110","31.82"
"SFO → JFK","AA","154","31.82"
"JFK → LAX","DL","195","31.79"
"PHX → SAN","US","192","31.77"
"PHL → LAS","US","148","31.76"
"RNO → PHX","US","126","31.75"
"ATL → TPA","FL","243","31.69"
"IAH → TUL","XE","183","31.69"
"CHS → CLT","YV","136","31.62"
"TPA → LGA","DL","117","31.62"
"LAX → JFK","AA","304","31.58"
"DFW → HOU","MQ","206","31.55"
"ATL → RDU","FL","111","31.53"
"AMA → IAH","XE","111","31.53"
"PHX → LAS","US","311","31.51"
"MIA → ATL","AA","124","31.45"
"RIC → EWR","XE","140","31.43"
"FLL → DTW","DL","172","31.40"
"PNS → DFW","MQ","153","31.37"
"DEN → DFW","AA","306","31.37"
"LAS → LGB","B6","102","31.37"
"CLT → DTW","US","102","31.37"
"GRB → ORD","MQ","118","31.36"
"DFW → STL","AA","265","31.32"
"BHM → IAH","XE","195","31.28"
"ATL → BWI","DL","327","31.19"
"SFO → JFK","UA","196","31.12"
"ORD → MSP","UA","196","31.12"
"CMI → ORD","MQ","148","31.08"
"BNA → IAH","XE","200","31.00"
"SFO → PHX","UA","100","31.00"
"DFW → IAD","AA","171","30.99"
"DEN → MDW","F9","113","30.97"
"BWI → BOS","B6","113","30.97"
"ORD → BDL","UA","126","30.95"
"MAF → IAH","XE","168","30.95"
"STL → DFW","AA","265","30.94"
"BNA → ORD","MQ","207","30.92"
"ILM → ATL","EV","165","30.91"
"ASE → DEN","OO","301","30.90"
"DEN → CLT","US","149","30.87"
"ATL → MDW","FL","188","30.85"
"IAD → ORD","UA","224","30.80"
"ROC → JFK","B6","140","30.71"
"TPA → DFW","AA","215","30.70"
"MDW → DEN","F9","111","30.63"
"RIC → ATL","FL","111","30.63"
"CLT → MSY","US","111","30.63"
"SRQ → ATL","DL","183","30.60"
"SAT → DFW","AA","451","30.60"
"MEM → DTW","DL","121","30.58"
"SEA → SFO","UA","154","30.52"
"ATL → DHN","EV","118","30.51"
"LRD → DFW","MQ","118","30.51"
"DEN → PHX","UA","128","30.47"
"SLC → FCA","OO","115","30.43"
"PHX → DFW","US","161","30.43"
"LAX → SAN","MQ","362","30.39"
"OKC → ORD","MQ","122","30.33"
"PHX → IAH","US","132","30.30"
"ATL → MEM","FL","109","30.28"
"DFW → CLT","AA","195","30.26"
"LAS → ORD","AA","152","30.26"
"PHL → RDU","US","129","30.23"
"DCA → CLT","US","258","30.23"
"PHL → PBI","US","106","30.19"
"LAX → JFK","UA","179","30.17"
"SAN → LAX","MQ","362","30.11"
"SEA → LAS","AS","216","30.09"
"IND → DFW","AA","153","30.07"
"EWR → ORD","MQ","100","30.00"
"RSW → DTW","DL","130","30.00"
"LGA → CMH","MQ","150","30.00"
"LAX → ATL","FL","110","30.00"
"JAX → EWR","XE","110","30.00"
"MTJ → DEN","OO","110","30.00"
"ICT → DEN","OO","100","30.00"
"LAS → PHL","US","147","29.93"
"ICT → ORD","XE","107","29.91"
"ITO → HNL","HA","426","29.81"
"IAH → ATL","DL","138","29.71"
"RSW → ATL","DL","229","29.69"
"MCO → DCA","DL","118","29.66"
"JFK → MCO","DL","118","29.66"
"ATL → CSG","EV","118","29.66"
"IAH → LIT","XE","172","29.65"
"ORF → ATL","DL","169","29.59"
"IAH → GPT","XE","142","29.58"
"MIA → TPA","AA","186","29.57"
"MIA → CLT","US","186","29.57"
"GRK → DFW","MQ","176","29.55"
"LAS → DEN","F9","193","29.53"
"SUN → SLC","OO","193","29.53"
"RIC → ORD","MQ","139","29.50"
"SEA → PHX","US","163","29.45"
"SEA → SAN","AS","197","29.44"
"DFW → MSY","AA","180","29.44"
"IAH → LFT","XE","197","29.44"
"BWI → DEN","UA","119","29.41"
"DFW → GSP","MQ","119","29.41"
"VPS → DFW","MQ","153","29.41"
"BOS → ORD","AA","235","29.36"
"GJT → DEN","OO","218","29.36"
"ICT → IAH","XE","133","29.32"
"PDX → ORD","UA","123","29.27"
"LAX → LAS","AA","123","29.27"
"OKC → IAH","XE","195","29.23"
"PIT → CLT","US","219","29.22"
"PHX → SNA","US","178","29.21"
"FWA → DTW","9E","113","29.20"
"LAS → JFK","DL","144","29.17"
"MBS → DTW","9E","175","29.14"
"CLT → JAX","US","193","29.02"
"FLL → LGA","DL","162","29.01"
"ATL → TYS","EV","214","28.97"
"TYS → ORD","MQ","114","28.95"
"ANC → SEA","AS","370","28.92"
"CVG → DTW","OH","149","28.86"
"CLT → PIT","US","250","28.80"
"DFW → EWR","CO","132","28.79"
"PHX → SEA","AS","150","28.67"
"SHV → ATL","EV","147","28.57"
"AEX → ATL","EV","133","28.57"
"SEA → SJC","AS","154","28.57"
"SJU → PHL","US","112","28.57"
"ABQ → IAH","XE","161","28.57"
"SAN → ORD","UA","116","28.45"
"JFK → BOS","MQ","155","28.39"
"MYR → ATL","EV","148","28.38"
"SFO → SAN","UA","201","28.36"
"SMX → LAX","OO","120","28.33"
"BZN → DEN","OO","120","28.33"
"IAH → DFW","AA","180","28.33"
"BOS → ATL","FL","120","28.33"
"CMH → ATL","DL","205","28.29"
"LGA → DFW","AA","429","28.21"
"DFW → MFE","AA","117","28.21"
"IDA → SLC","OO","135","28.15"
"DCA → ATL","FL","178","28.09"
"MSP → PHX","US","132","28.03"
"CMH → LGA","MQ","150","28.00"
"DSM → DFW","MQ","179","27.93"
"DTW → LGA","MQ","129","27.91"
"DCA → BOS","OH","104","27.88"
"DFW → CID","MQ","144","27.78"
"IAH → MOB","XE","137","27.74"
"FLL → DCA","US","119","27.73"
"ONT → SLC","OO","119","27.73"
"CHA → ATL","EV","243","27.57"
"STL → ORD","AA","265","27.55"
"EWR → DFW","AA","171","27.49"
"ECP → ATL","EV","193","27.46"
"PHX → SLC","US","139","27.34"
"DFW → PHX","US","161","27.33"
"CLT → IAH","XE","183","27.32"
"IAD → BOS","UA","147","27.21"
"STL → LGA","AA","114","27.19"
"CSG → ATL","EV","118","27.12"
"JFK → DCA","MQ","155","27.10"
"ATL → CLT","US","214","27.10"
"MGM → ATL","EV","229","27.07"
"SAN → DEN","UA","122","27.05"
"HNL → SFO","UA","122","27.05"
"DEN → BOS","UA","122","27.05"
"FLL → DFW","AA","185","27.03"
"ATL → DCA","FL","178","26.97"
"FCA → SLC","OO","115","26.96"
"EWR → ORD","AA","104","26.92"
"GSP → DFW","MQ","119","26.89"
"MIA → PHL","US","108","26.85"
"DFW → IAH","XE","138","26.81"
"SPI → ORD","OO","116","26.72"
"LAS → CLT","US","146","26.71"
"MFE → IAH","CO","105","26.67"
"DEN → SEA","UA","120","26.67"
"DCA → TPA","US","150","26.67"
"DSM → ORD","MQ","139","26.62"
"DEN → MCO","UA","124","26.61"
"FLL → PHL","US","166","26.51"
"DTW → CLT","US","102","26.47"
"RDU → BOS","B6","106","26.42"
"LGA → DTW","MQ","129","26.36"
"LGA → STL","AA","114","26.32"
"MEM → DFW","AA","118","26.27"
"ONT → DFW","AA","122","26.23"
"AUS → ATL","DL","164","26.22"
"PHL → MCO","FL","103","26.21"
"DFW → LIT","MQ","303","26.07"
"LGA → CLT","US","269","26.02"
"PHX → ORD","AA","154","25.97"
"DFW → JAN","MQ","239","25.94"
"ORD → RIC","MQ","139","25.90"
"RDU → JFK","MQ","124","25.81"
"JFK → RDU","MQ","124","25.81"
"SFO → PHX","US","163","25.77"
"ANC → FAI","AS","237","25.74"
"RSW → CLT","US","171","25.73"
"PHL → PIT","US","105","25.71"
"PBI → PHL","US","105","25.71"
"MLB → ATL","DL","105","25.71"
"SNA → DFW","AA","323","25.70"
"LBB → DFW","MQ","148","25.68"
"CLT → DFW","AA","195","25.64"
"SEA → SMF","AS","121","25.62"
"PHL → BOS","US","336","25.60"
"DEN → DFW","UA","125","25.60"
"FLL → ATL","FL","250","25.60"
"XNA → DFW","MQ","200","25.50"
"ATL → PIT","FL","118","25.42"
"BTR → DFW","MQ","244","25.41"
"OAK → PHX","US","130","25.38"
"TPA → PHL","US","154","25.32"
"FAT → LAX","MQ","147","25.17"
"SGF → DFW","MQ","239","25.10"
"TPA → CLT","US","271","25.09"
"TUS → DEN","OO","148","25.00"
"DFW → OMA","AA","149","24.83"
"RDU → PHL","US","129","24.81"
"ELP → DFW","AA","238","24.79"
"MSP → CVG","OH","117","24.79"
"BOS → DCA","OH","105","24.76"
"TPA → ORD","UA","101","24.75"
"LAX → SJC","MQ","182","24.73"
"MCO → LGA","DL","162","24.69"
"BOS → DCA","EV","158","24.68"
"KOA → HNL","HA","491","24.64"
"PHL → ATL","US","114","24.56"
"OGG → HNL","HA","762","24.54"
"PDX → PHX","US","163","24.54"
"TUS → LAX","OO","155","24.52"
"LAX → SBA","MQ","151","24.50"
"SBA → LAX","MQ","151","24.50"
"LAX → FAT","MQ","147","24.49"
"LAS → DFW","AA","327","24.46"
"TPA → DTW","DL","176","24.43"
"MSY → ATL","FL","119","24.37"
"HNL → LAX","UA","111","24.32"
"MCI → DFW","AA","239","24.27"
"FAT → PHX","YV","132","24.24"
"RSW → MCO","WN","124","24.19"
"BOS → IAD","UA","149","24.16"
"MHT → EWR","XE","116","24.14"
"DCA → BOS","EV","158","24.05"
"LGA → BOS","DL","291","24.05"
"SEA → DEN","UA","150","24.00"
"BWI → ORD","UA","167","23.95"
"ICT → DFW","AA","117","23.93"
"BUR → DFW","AA","117","23.93"
"PVD → CLT","US","138","23.91"
"BOS → LGA","DL","293","23.89"
"PHL → ORD","UA","134","23.88"
"BOS → JFK","MQ","155","23.87"
"PBI → CLT","US","176","23.86"
"LAN → DTW","9E","126","23.81"
"CHS → ATL","DL","206","23.79"
"LIT → DFW","MQ","303","23.76"
"DCA → MKE","FL","118","23.73"
"DHN → ATL","EV","118","23.73"
"LAS → LAX","AA","123","23.58"
"ATL → MSY","FL","119","23.53"
"SLC → DFW","AA","153","23.53"
"MCI → DEN","UA","102","23.53"
"BOS → JFK","OH","149","23.49"
"MCO → ATL","FL","281","23.49"
"PHX → FAT","YV","132","23.48"
"JAX → IAH","XE","162","23.46"
"BOS → LGA","MQ","192","23.44"
"DEN → LAS","UA","193","23.32"
"BOS → BWI","FL","250","23.20"
"GPT → IAH","XE","143","23.08"
"MCO → IAD","UA","156","23.08"
"ORD → BWI","UA","166","22.89"
"MEM → CLT","YV","118","22.88"
"JAX → DFW","AA","118","22.88"
"BWI → BOS","FL","250","22.80"
"SEA → PDX","OO","255","22.75"
"ATL → DFW","AA","321","22.74"
"FLL → CLT","US","238","22.69"
"CRP → DFW","MQ","238","22.69"
"PHX → PSP","YV","159","22.64"
"ATL → MIA","AA","124","22.58"
"PHL → PVD","US","102","22.55"
"DEN → MCI","UA","120","22.50"
"EWR → CLT","US","232","22.41"
"CVG → ORD","MQ","143","22.38"
"LBB → IAH","XE","112","22.32"
"SEA → ORD","UA","139","22.30"
"ELP → IAH","XE","175","22.29"
"RAP → DEN","OO","180","22.22"
"PIT → PHL","US","135","22.22"
"BZN → SLC","OO","145","22.07"
"CVG → CLT","YV","109","22.02"
"ORD → DCA","UA","314","21.97"
"DCA → JFK","MQ","155","21.94"
"JAX → ATL","FL","119","21.85"
"DEN → PHX","US","156","21.79"
"PNS → IAH","XE","129","21.71"
"SEA → SNA","AS","240","21.67"
"PHX → DEN","US","157","21.66"
"DEN → SAN","UA","134","21.64"
"DCA → STL","AA","111","21.62"
"DCA → BOS","US","321","21.50"
"SJU → ATL","DL","121","21.49"
"PSP → PHX","YV","159","21.38"
"SMF → DFW","AA","122","21.31"
"LAS → SEA","AS","216","21.30"
"PHX → DEN","UA","127","21.26"
"GSO → ATL","OH","151","21.19"
"HOU → DFW","MQ","206","20.87"
"SAN → PHX","US","192","20.83"
"SNA → ATL","DL","140","20.71"
"BRO → IAH","XE","145","20.69"
"ONT → PHX","US","155","20.65"
"PHX → RNO","US","126","20.63"
"BWI → MCO","FL","160","20.63"
"MOB → IAH","XE","137","20.44"
"TPA → MIA","AA","186","20.43"
"ITO → HNL","YV","147","20.41"
"AUS → DFW","AA","451","20.40"
"PHX → DFW","AA","300","20.33"
"PDX → SNA","AS","124","20.16"
"BOS → PHL","US","339","20.06"
"DEN → SNA","UA","130","20.00"
"IAH → MEM","XE","150","20.00"
"HOU → ATL","FL","145","20.00"
"PBI → HPN","B6","105","20.00"
"MEM → IAH","XE","150","20.00"
"BIL → SLC","OO","146","19.86"
"CRP → IAH","XE","313","19.81"
"LAS → ORD","UA","152","19.74"
"BNA → DFW","AA","239","19.67"
"HNL → LIH","YV","183","19.67"
"BDL → ORD","UA","108","19.44"
"SHV → DFW","MQ","103","19.42"
"GJT → SLC","OO","103","19.42"
"BOS → DCA","US","325","19.38"
"SNA → PDX","AS","124","19.35"
"SEA → OAK","AS","119","19.33"
"MCO → BWI","FL","161","19.25"
"TUL → IAH","XE","182","19.23"
"DCA → ORD","UA","314","19.11"
"LRD → IAH","XE","106","18.87"
"SNA → SEA","AS","240","18.75"
"PHX → FLG","YV","219","18.72"
"JAX → CLT","US","193","18.65"
"PVD → PHL","US","102","18.63"
"OMA → DEN","UA","113","18.58"
"PHX → AUS","YV","124","18.55"
"ATL → PHL","US","114","18.42"
"MCO → ORD","UA","163","18.40"
"COS → DFW","AA","153","18.30"
"LGA → BOS","MQ","192","18.23"
"BWI → ATL","FL","203","18.23"
"DCA → LGA","US","324","18.21"
"HNL → KOA","YV","176","18.18"
"SNA → PHX","US","178","17.98"
"ILM → CLT","YV","117","17.95"
"TPA → ATL","FL","241","17.84"
"LAX → PDX","AS","148","17.57"
"PHX → LGB","YV","120","17.50"
"ATL → GSO","OH","149","17.45"
"MSY → DFW","AA","180","17.22"
"HNL → ITO","YV","147","17.01"
"BTR → IAH","XE","214","16.82"
"RSW → ATL","FL","126","16.67"
"KOA → HNL","YV","176","16.48"
"TUL → DFW","AA","213","16.43"
"LAS → PHX","US","312","16.35"
"DCA → BNA","MQ","143","16.08"
"YUM → PHX","YV","188","15.96"
"TUS → DFW","AA","210","15.71"
"RDU → DCA","MQ","210","15.71"
"LAS → DEN","UA","180","15.56"
"PHX → SBA","YV","149","15.44"
"STL → DCA","AA","111","15.32"
"MCO → DEN","UA","124","15.32"
"LIH → HNL","YV","183","15.30"
"IND → MCO","FL","112","15.18"
"ABI → DFW","MQ","211","15.17"
"IAH → PHX","US","132","15.15"
"OGG → HNL","YV","220","15.00"
"DFW → DEN","UA","107","14.95"
"LGA → DCA","US","323","14.86"
"SBA → PHX","YV","149","14.77"
"LGA → BOS","US","312","14.74"
"PHX → TUS","YV","266","14.66"
"BOS → LGA","US","310","14.52"
"PHX → YUM","YV","188","14.36"
"OMA → DFW","AA","149","14.09"
"PHX → ABQ","YV","100","14.00"
"HRL → IAH","XE","145","13.79"
"HNL → LAX","AA","124","13.71"
"HNL → OGG","YV","220","13.64"
"LFT → IAH","XE","198","13.64"
"TPA → DCA","US","150","13.33"
"DCA → RDU","MQ","210","13.33"
"LGB → PHX","YV","120","13.33"
"ABQ → DFW","AA","243","11.93"
"FLG → PHX","YV","219","11.87"
"OKC → DFW","AA","213","11.74"
"AUS → PHX","YV","123","11.38"
"BNA → DCA","MQ","143","10.49"
"MFE → DFW","AA","117","8.55"
"ABQ → PHX","YV","100","8.00"
"TUS → PHX","YV","266","7.89"
"ELP → PHX","YV","161","6.21"
"PHX → ELP","YV","161","5.59"
